row_kind,sort_key,obj_type,obj_schema,obj_table,obj_name,obj_signature,provenance,expectation,found_count,status,md5_raw,md5_lf,def_bytes,has_cr,flags,definition
ITEM,10001,FUNCTION,public,,admin_confirm_catalog_variant_import,"uuid, uuid[]",2218 exec blob 6f4dbd9c,PRESENT,1,PRESENT,7f44620286540623cdcc93f0b26948ef,7f44620286540623cdcc93f0b26948ef,20429,false,,
ITEM,10002,FUNCTION,internal,,write_card_variant,"text, uuid, uuid, uuid, integer, uuid, uuid",2217 exec blob c9abf5d7; 2223 exec blob 72ba009e (drop 6 args),PRESENT,1,PRESENT,cd4d1f204176d4b740d6a367d81180a6,41779a26659b5c2ea81708f391c582f9,3073,true,,
ITEM,10003,FUNCTION,internal,,guard_cvir_normalized_shape,,2214 exec blob 30e19523,PRESENT,1,PRESENT,fa775c39bf062d271f872735c253eac1,3f44cea5c7b447793837b467ce6a9c87,3828,true,,
ITEM,10004,FUNCTION,internal,,enforce_card_variant_edition_context_profile_game,,2224 exec blob 5bae844b,PRESENT,1,PRESENT,63ea94e477e56040a92e082773507e74,e0a721dacef40bc46ca23c9feba2700f,1614,true,,
ITEM,10005,FUNCTION,internal,,axis_identity_token,"jsonb, text",2210 (ref 2216 C1-BIS),PRESENT,1,PRESENT,c883e99b15c0a6927aa0ba81b2a8320e,c883e99b15c0a6927aa0ba81b2a8320e,499,false,,
ITEM,10006,FUNCTION,internal,,resolve_variant_row_axes,"jsonb, uuid, uuid, text",2211,PRESENT,1,PRESENT,cce8ee981fbddf4372a81405921e02f6,cce8ee981fbddf4372a81405921e02f6,10770,false,,
ITEM,20001,INDEX,public,card_variant,card_variant_pkey,,dump 28/09 (PK),PRESENT,1,PRESENT,01d36b3d6c2cdfdca91060b141a6dafe,01d36b3d6c2cdfdca91060b141a6dafe,77,false,unique=true primary=true valid=true ready=true immediate=true nulls_not_distinct=false,CREATE UNIQUE INDEX card_variant_pkey ON public.card_variant USING btree (id)
ITEM,20002,INDEX,public,card_variant,uq_card_variant_card_order,,2215 retido (POST gate),PRESENT,1,PRESENT,0e3f1d2d078d9fb0c072628849ebd138,0e3f1d2d078d9fb0c072628849ebd138,106,false,unique=true primary=false valid=true ready=true immediate=true nulls_not_distinct=false,"CREATE UNIQUE INDEX uq_card_variant_card_order ON public.card_variant USING btree (card_id, variant_order)"
ITEM,20003,INDEX,public,card_variant,uq_card_variant_id_card,,2215 retido (POST gate),PRESENT,1,PRESENT,6fcdd801db9b350cc3909212e56955ce,6fcdd801db9b350cc3909212e56955ce,92,false,unique=true primary=false valid=true ready=true immediate=true nulls_not_distinct=false,"CREATE UNIQUE INDEX uq_card_variant_id_card ON public.card_variant USING btree (id, card_id)"
ITEM,20004,INDEX,public,card_variant,uq_card_variant_identity,,2209 exec blob 39084850,PRESENT,1,PRESENT,51ae4dc2185061c8ba0a62aeba031da0,51ae4dc2185061c8ba0a62aeba031da0,174,false,unique=true primary=false valid=true ready=true immediate=true nulls_not_distinct=true,"CREATE UNIQUE INDEX uq_card_variant_identity ON public.card_variant USING btree (card_id, variant_type_id, printing_profile_id, edition_context_profile_id) NULLS NOT DISTINCT"
ITEM,20005,INDEX,public,card_variant,uq_card_variant_one_default_per_card,,2215 retido (POST gate),PRESENT,1,PRESENT,d235534e67bc2f1d2a78eb433cbb5859,d235534e67bc2f1d2a78eb433cbb5859,127,false,unique=true primary=false valid=true ready=true immediate=true nulls_not_distinct=false,CREATE UNIQUE INDEX uq_card_variant_one_default_per_card ON public.card_variant USING btree (card_id) WHERE (is_default = true)
ITEM,20006,INDEX,public,catalog_variant_import_row,catalog_variant_import_row_pkey,,dump 28/09 (PK); 2216 retido,PRESENT,1,PRESENT,1ae3e085a5ffb18aafda54479797fec8,1ae3e085a5ffb18aafda54479797fec8,105,false,unique=true primary=true valid=true ready=true immediate=true nulls_not_distinct=false,CREATE UNIQUE INDEX catalog_variant_import_row_pkey ON public.catalog_variant_import_row USING btree (id)
ITEM,20007,INDEX,public,catalog_variant_import_row,uq_cvir_row_identity,,2210; 2216 C1/C1-BIS exec blob 3fc30f42,PRESENT,1,PRESENT,ad46a9fedb3517431ecbbb0324d959c9,ad46a9fedb3517431ecbbb0324d959c9,381,false,unique=true primary=false valid=true ready=true immediate=true nulls_not_distinct=false,"CREATE UNIQUE INDEX uq_cvir_row_identity ON public.catalog_variant_import_row USING btree (job_id, card_id, ((normalized_data ->> 'variant_type_id'::text)), internal.axis_identity_token(normalized_data, 'printing_profile_id'::text), internal.axis_identity_token(normalized_data, 'edition_context_profile_id'::text)) WHERE ((normalized_data ->> 'variant_type_id'::text) IS NOT NULL)"
ITEM,20008,INDEX,public,card_variant,uq_card_variant_card_type_no_printing,,2215 exec blob 426b3555 (DROP),ABSENT,0,ABSENT_OK,,,0,false,,
ITEM,20009,INDEX,public,card_variant,uq_card_variant_card_type_printing,,2215 exec blob 426b3555 (DROP),ABSENT,0,ABSENT_OK,,,0,false,,
ITEM,20010,INDEX,public,catalog_variant_import_row,uq_cvir_job_card_type_no_printing,,2216 exec blob 3fc30f42 (DROP),ABSENT,0,ABSENT_OK,,,0,false,,
ITEM,20011,INDEX,public,catalog_variant_import_row,uq_cvir_job_card_type_printing,,2216 exec blob 3fc30f42 (DROP),ABSENT,0,ABSENT_OK,,,0,false,,
ITEM,30001,CONSTRAINT,public,card_variant,card_variant_pkey,,dump 28/09 (PK),PRESENT,1,PRESENT,4c6419b3704337bbfe50f018842a9ad3,4c6419b3704337bbfe50f018842a9ad3,16,false,type=p deferrable=false deferred=false validated=true index=card_variant_pkey,PRIMARY KEY (id)
ITEM,30002,CONSTRAINT,public,card_variant,uq_card_variant_card_order,,dump 28/09; 2215 retido,PRESENT,1,PRESENT,897ec07d1362ff661d03636a44cb8f00,897ec07d1362ff661d03636a44cb8f00,31,false,type=u deferrable=false deferred=false validated=true index=uq_card_variant_card_order,"UNIQUE (card_id, variant_order)"
ITEM,30003,CONSTRAINT,public,card_variant,uq_card_variant_id_card,,dump 28/09; 2215 retido,PRESENT,1,PRESENT,d79c38299976e19944d08259d8d20330,d79c38299976e19944d08259d8d20330,20,false,type=u deferrable=false deferred=false validated=true index=uq_card_variant_id_card,"UNIQUE (id, card_id)"
ITEM,30004,CONSTRAINT,public,card_variant,uq_card_variant_identity,,2209 exec blob 39084850 (ADD CONSTRAINT ... USING INDEX),PRESENT,1,PRESENT,c634fadb16025cefff08653aca11ed46,c634fadb16025cefff08653aca11ed46,101,false,type=u deferrable=false deferred=false validated=true index=uq_card_variant_identity,"UNIQUE NULLS NOT DISTINCT (card_id, variant_type_id, printing_profile_id, edition_context_profile_id)"
ITEM,30005,CONSTRAINT,public,catalog_variant_import_row,catalog_variant_import_row_pkey,,dump 28/09 (PK),PRESENT,1,PRESENT,4c6419b3704337bbfe50f018842a9ad3,4c6419b3704337bbfe50f018842a9ad3,16,false,type=p deferrable=false deferred=false validated=true index=catalog_variant_import_row_pkey,PRIMARY KEY (id)
ITEM,40001,TRIGGER,public,card_variant,trg_card_variant_edition_context_profile_game,,2224 exec blob 5bae844b,PRESENT,1,PRESENT,9395792744286f4efdbb7fca2cade1c9,9395792744286f4efdbb7fca2cade1c9,237,false,enabled=O function=internal.enforce_card_variant_edition_context_profile_game(),"CREATE TRIGGER trg_card_variant_edition_context_profile_game BEFORE INSERT OR UPDATE OF card_id, edition_context_profile_id ON public.card_variant FOR EACH ROW EXECUTE FUNCTION internal.enforce_card_variant_edition_context_profile_game()"
ITEM,40002,TRIGGER,public,card_variant,trg_card_variant_printing_profile_game,,dump 28/09,PRESENT,1,PRESENT,da2e10593fb315b6bba654d018bf1aca,da2e10593fb315b6bba654d018bf1aca,216,false,enabled=O function=internal.enforce_card_variant_printing_profile_game(),"CREATE TRIGGER trg_card_variant_printing_profile_game BEFORE INSERT OR UPDATE OF card_id, printing_profile_id ON public.card_variant FOR EACH ROW EXECUTE FUNCTION internal.enforce_card_variant_printing_profile_game()"
ITEM,40003,TRIGGER,public,card_variant,trg_card_variant_set_updated_at,,dump 28/09,PRESENT,1,PRESENT,7310feac0d88be08a6ae3c3f647fc9f8,7310feac0d88be08a6ae3c3f647fc9f8,130,false,enabled=O function=set_updated_at(),CREATE TRIGGER trg_card_variant_set_updated_at BEFORE UPDATE ON public.card_variant FOR EACH ROW EXECUTE FUNCTION set_updated_at()
ITEM,40004,TRIGGER,public,card_variant,trg_card_variant_validate_game_consistency,,dump 28/09,PRESENT,1,PRESENT,b708d3347904d89b1ffcc782fe2fb365,b708d3347904d89b1ffcc782fe2fb365,203,false,enabled=O function=validate_card_variant_game_consistency(),"CREATE TRIGGER trg_card_variant_validate_game_consistency BEFORE INSERT OR UPDATE OF card_id, variant_type_id ON public.card_variant FOR EACH ROW EXECUTE FUNCTION validate_card_variant_game_consistency()"
ITEM,40005,TRIGGER,public,catalog_variant_import_job,trg_catalog_variant_import_job_normalize,,dump 28/09,PRESENT,1,PRESENT,169b952f9a529225f3339f08b361a33a,169b952f9a529225f3339f08b361a33a,185,false,enabled=O function=normalize_catalog_variant_import_job(),CREATE TRIGGER trg_catalog_variant_import_job_normalize BEFORE INSERT OR UPDATE ON public.catalog_variant_import_job FOR EACH ROW EXECUTE FUNCTION normalize_catalog_variant_import_job()
ITEM,40006,TRIGGER,public,catalog_variant_import_job,trg_catalog_variant_import_job_set_updated_at,,dump 28/09,PRESENT,1,PRESENT,d31b290f0a947b2bdaf7c33c1bbd48f7,d31b290f0a947b2bdaf7c33c1bbd48f7,158,false,enabled=O function=set_updated_at(),CREATE TRIGGER trg_catalog_variant_import_job_set_updated_at BEFORE UPDATE ON public.catalog_variant_import_job FOR EACH ROW EXECUTE FUNCTION set_updated_at()
ITEM,40007,TRIGGER,public,catalog_variant_import_row,trg_catalog_variant_import_row_normalize,,dump 28/09,PRESENT,1,PRESENT,412395f40956ab01d2628c0948b1a269,412395f40956ab01d2628c0948b1a269,185,false,enabled=O function=normalize_catalog_variant_import_row(),CREATE TRIGGER trg_catalog_variant_import_row_normalize BEFORE INSERT OR UPDATE ON public.catalog_variant_import_row FOR EACH ROW EXECUTE FUNCTION normalize_catalog_variant_import_row()
ITEM,40008,TRIGGER,public,catalog_variant_import_row,trg_catalog_variant_import_row_set_updated_at,,dump 28/09,PRESENT,1,PRESENT,58b6186ec4af10de610d0c1aab4ae72d,58b6186ec4af10de610d0c1aab4ae72d,158,false,enabled=O function=set_updated_at(),CREATE TRIGGER trg_catalog_variant_import_row_set_updated_at BEFORE UPDATE ON public.catalog_variant_import_row FOR EACH ROW EXECUTE FUNCTION set_updated_at()
ITEM,40009,TRIGGER,public,catalog_variant_import_row,trg_cvir_normalized_shape,,2214 exec blob 30e19523,PRESENT,1,PRESENT,bb3f2c88a8857ab3b2a3e85bb58cb841,bb3f2c88a8857ab3b2a3e85bb58cb841,228,false,enabled=O function=internal.guard_cvir_normalized_shape(),"CREATE TRIGGER trg_cvir_normalized_shape BEFORE INSERT OR UPDATE OF normalized_data, validation_status, persistence_status ON public.catalog_variant_import_row FOR EACH ROW EXECUTE FUNCTION internal.guard_cvir_normalized_shape()"
CONTEXT,90001,CONTEXT,,,session,,nao comparavel por hash; precondicao de comparacao,,,INFO,,,,,"search_path=""\$user"", public, extensions",server_version_num=170006
AGGREGATE,90002,AGGREGATE,,,agg_raw,,md5 das linhas ITEM canonicas (md5_raw),,31,INFO,6e2ef02eb70c4c47103bb89d813288cd,,,,,
AGGREGATE,90003,AGGREGATE,,,agg_lf,,md5 das linhas ITEM canonicas (md5_lf),,31,INFO,,e926f44dc930f08cb81a65d8a72e1549,,,,
